Workbook

Sheet Comparison
A1: TTI model metrics: comparison for Stable-Diffusion-XL family Hugging Face framework vs MLX framework
A3: Size | B3: Hugging Face framework | P3: MLX framework
B4: Model | C4: Parameters | D4: Model Size (GB) | E4: Avg Image Generation Time (s) | F4: Avg Image Generation Rate (pixels/s) | G4: Avg Inference Rate (images/min) | H4: Resolution (px) | I4: Steps | J4: Guidance | K4: Avg Time per Step (ms) | L4: Avg Time to First Step (ms) | M4: Peak Memory (GB) | N4: Avg Input Words | O4: Avg Input Characters | P4: Model | Q4: Parameters | R4: Model Size (GB) | S4: Avg Image Generation Time (s) | T4: Avg Image Generation Rate (pixels/s) | U4: Avg Inference Rate (images/min) | V4: Resolution (px) | W4: Steps | X4: Guidance | Y4: Avg Time per Step (ms) | Z4: Avg Time to First Step (ms) | AA4: Peak Memory (GB) | AB4: Avg Input Words | AC4: Avg Input Characters
A5: Small | B5: No Small model in the HF registry | C5: NA | D5: NA | E5: NA | F5: NA | G5: NA | H5: NA | I5: NA | J5: NA | K5: NA | L5: NA | M5: NA | N5: NA | O5: NA | P5: No Small Stable-Diffusion-XL model on MLX | Q5: NA | R5: NA | S5: NA | T5: NA | U5: NA | V5: NA | W5: NA | X5: NA | Y5: NA | Z5: NA | AA5: NA | AB5: NA | AC5: NA
A6: Medium | B6: stable-diffusion-xl-base-1.0 | C6: 3.47B | D6: 6.62 | E6: 48.61 | F6: 21599.89 | G6: =60/E6 | H6: NA | I6: NA | J6: NA | K6: NA | L6: NA | M6: NA | N6: NA | O6: NA | P6: stable-diffusion-xl-base-1.0 | Q6: 3.47B | R6: 7.11 | S6: =AVERAGE(MLX_per_prompt!M2:M11) | T6: =1048576/S6 | U6: =AVERAGE(MLX_per_prompt!L2:L11) | V6: 1024x1024 | W6: 30 | X6: 7 | Y6: =AVERAGE(MLX_per_prompt!K2:K11) | Z6: =AVERAGE(MLX_per_prompt!J2:J11) | AA6: 21.37 | AB6: =AVERAGE(MLX_per_prompt!H2:H11) | AC6: =AVERAGE(MLX_per_prompt!I2:I11)
A7: Large | B7: stable-diffusion-3.5-large-turbo | C7: 8.1B | D7: 25.7 | E7: 5.57 | F7: 188538.44 | G7: =60/E7 | H7: NA | I7: NA | J7: NA | K7: NA | L7: NA | M7: NA | N7: NA | O7: NA | P7: No Large Stable-Diffusion-XL model on MLX | Q7: NA | R7: NA | S7: NA | T7: NA | U7: NA | V7: NA | W7: NA | X7: NA | Y7: NA | Z7: NA | AA7: NA | AB7: NA | AC7: NA
A9: MLX vs Hugging Face
A10: Size | B10: Image generation rate: MLX ÷ HF (x faster) | C10: Image generation time: HF ÷ MLX (x shorter) | D10: Models compared (HF vs MLX)
A11: Small | B11: NA | C11: NA | D11: =B5&" vs "&P5
A12: Medium | B12: =T6/F6 | C12: =E6/S6 | D12: =B6&" vs "&P6
A13: Large | B13: NA | C13: NA | D13: =B7&" vs "&P7
A15: Comparison insights
A16: 1. Same model, both frameworks: the Medium row compares stable-diffusion-xl-base-1.0 with itself. MLX generates a 1024x1024 image in 12.26 s vs 48.61 s on Hugging Face, 4.0x faster (85,555 vs 21,599.89 pixels/s).
A17: 2. SDXL runs 30 denoising steps at ~409 ms each on MLX, with guidance 7.0 and 353 ms before the first step. The Hugging Face steps and guidance weren't provided, so different settings could account for part of the gap.
A18: 3. Large: Hugging Face's stable-diffusion-3.5-large-turbo takes only 5.57 s per image (188,538.44 pixels/s), faster than SDXL on either framework despite being the bigger model, because 'turbo' models are distilled to need only a few denoising steps.
A19: 4. There is no Large Stable Diffusion model on MLX: SD3.5-large-turbo needs approved Hugging Face access, so it couldn't be downloaded. Small is NA on both sides.
A20: 5. Model size is similar on both frameworks (7.11 GB on MLX vs 6.62 GB on Hugging Face). MLX peak memory was 21.4 GB, partly because the image decoder (VAE) runs in full precision to avoid overflow; Hugging Face peak memory wasn't provided.
A21: 6. Heat slowly lengthens MLX times over the 10 prompts: from 11.52 s for the first image to 12.46 s for the last.
A27: TTI model metrics: comparison for FLUX.2-klein family Hugging Face framework vs MLX framework
A29: Size | B29: Hugging Face framework | P29: MLX framework
B30: Model | C30: Parameters | D30: Model Size (GB) | E30: Avg Image Generation Time (s) | F30: Avg Image Generation Rate (pixels/s) | G30: Avg Inference Rate (images/min) | H30: Resolution (px) | I30: Steps | J30: Guidance | K30: Avg Time per Step (ms) | L30: Avg Time to First Step (ms) | M30: Peak Memory (GB) | N30: Avg Input Words | O30: Avg Input Characters | P30: Model | Q30: Parameters | R30: Model Size (GB) | S30: Avg Image Generation Time (s) | T30: Avg Image Generation Rate (pixels/s) | U30: Avg Inference Rate (images/min) | V30: Resolution (px) | W30: Steps | X30: Guidance | Y30: Avg Time per Step (ms) | Z30: Avg Time to First Step (ms) | AA30: Peak Memory (GB) | AB30: Avg Input Words | AC30: Avg Input Characters
A31: Small | B31: No Small model in the HF registry | C31: NA | D31: NA | E31: NA | F31: NA | G31: NA | H31: NA | I31: NA | J31: NA | K31: NA | L31: NA | M31: NA | N31: NA | O31: NA | P31: FLUX.2-klein-4B | Q31: 4B | R31: 23.72 | S31: =AVERAGE(MLX_per_prompt!M12:M21) | T31: =1048576/S31 | U31: =AVERAGE(MLX_per_prompt!L12:L21) | V31: 1024x1024 | W31: 4 | X31: 1 | Y31: =AVERAGE(MLX_per_prompt!K12:K21) | Z31: NA | AA31: 18.66 | AB31: =AVERAGE(MLX_per_prompt!H12:H21) | AC31: =AVERAGE(MLX_per_prompt!I12:I21)
A32: Medium | B32: stable-diffusion-xl-base-1.0 | C32: 3.47B | D32: 6.62 | E32: 48.61 | F32: 21599.89 | G32: =60/E32 | H32: NA | I32: NA | J32: NA | K32: NA | L32: NA | M32: NA | N32: NA | O32: NA | P32: No Medium FLUX.2-klein model on MLX | Q32: NA | R32: NA | S32: NA | T32: NA | U32: NA | V32: NA | W32: NA | X32: NA | Y32: NA | Z32: NA | AA32: NA | AB32: NA | AC32: NA
A33: Large | B33: stable-diffusion-3.5-large-turbo | C33: 8.1B | D33: 25.7 | E33: 5.57 | F33: 188538.44 | G33: =60/E33 | H33: NA | I33: NA | J33: NA | K33: NA | L33: NA | M33: NA | N33: NA | O33: NA | P33: No Large FLUX.2-klein model on MLX | Q33: NA | R33: NA | S33: NA | T33: NA | U33: NA | V33: NA | W33: NA | X33: NA | Y33: NA | Z33: NA | AA33: NA | AB33: NA | AC33: NA
A35: MLX vs Hugging Face
A36: Size | B36: Image generation rate: MLX ÷ HF (x faster) | C36: Image generation time: HF ÷ MLX (x shorter) | D36: Models compared (HF vs MLX)
A37: Small | B37: NA | C37: NA | D37: =B31&" vs "&P31
A38: Medium | B38: NA | C38: NA | D38: =B32&" vs "&P32
A39: Large | B39: NA | C39: NA | D39: =B33&" vs "&P33
A41: Comparison insights
A42: 1. Small: FLUX.2-klein-4B on MLX generates a 1024x1024 image in 4.27 s (245,810 pixels/s). The Hugging Face registry has no Small model, so this row has no direct comparison.
A43: 2. Against the other Hugging Face models it is 11.4x quicker than SDXL (48.61 s) and 1.3x quicker than SD3.5-large-turbo (5.57 s). These are different models, so this isn't like-for-like.
A44: 3. FLUX.2-klein runs only 4 steps at ~1066 ms each with guidance 1.0: its steps are slower than SDXL's (~409 ms) but there are far fewer of them, so it is 2.9x quicker than SDXL on MLX.
A45: 4. The download is 23.72 GB because it includes a Qwen3 text encoder; the weights are quantized to 8-bit when loaded, keeping MLX peak memory at 18.7 GB.
A46: 5. Heat slowly lengthens MLX times over the 10 prompts: from 3.94 s for the first image to 4.59 s for the last.
A47: 6. Medium and Large are NA for this family on MLX: the larger FLUX.2-klein 9B model needs approved Hugging Face access, so only the 4B model is in the registry.

Sheet MLX_per_prompt
A1: family | B1: size | C1: model | D1: prompt_id | E1: resolution (px) | F1: steps | G1: guidance | H1: input_words | I1: input_characters | J1: time_to_first_step (ms) | K1: time_per_step (ms) | L1: inference_rate (images/min) | M1: inference_time (s)
A2: Stable-Diffusion-XL | B2: MEDIUM | C2: stable-diffusion-xl-base-1.0 | D2: 01 | E2: 1024x1024 | F2: 30 | G2: 7 | H2: 17 | I2: 87 | J2: 356.9 | K2: 384.1 | L2: 5.21 | M2: 11.524
A3: Stable-Diffusion-XL | B3: MEDIUM | C3: stable-diffusion-xl-base-1.0 | D3: 02 | E3: 1024x1024 | F3: 30 | G3: 7 | H3: 8 | I3: 38 | J3: 361.8 | K3: 405.1 | L3: 4.94 | M3: 12.152
A4: Stable-Diffusion-XL | B4: MEDIUM | C4: stable-diffusion-xl-base-1.0 | D4: 03 | E4: 1024x1024 | F4: 30 | G4: 7 | H4: 10 | I4: 56 | J4: 356.6 | K4: 406.7 | L4: 4.92 | M4: 12.201
A5: Stable-Diffusion-XL | B5: MEDIUM | C5: stable-diffusion-xl-base-1.0 | D5: 04 | E5: 1024x1024 | F5: 30 | G5: 7 | H5: 15 | I5: 79 | J5: 353.8 | K5: 410.3 | L5: 4.87 | M5: 12.309
A6: Stable-Diffusion-XL | B6: MEDIUM | C6: stable-diffusion-xl-base-1.0 | D6: 05 | E6: 1024x1024 | F6: 30 | G6: 7 | H6: 6 | I6: 45 | J6: 349.5 | K6: 410.4 | L6: 4.87 | M6: 12.312
A7: Stable-Diffusion-XL | B7: MEDIUM | C7: stable-diffusion-xl-base-1.0 | D7: 06 | E7: 1024x1024 | F7: 30 | G7: 7 | H7: 5 | I7: 22 | J7: 350.3 | K7: 412.6 | L7: 4.85 | M7: 12.377
A8: Stable-Diffusion-XL | B8: MEDIUM | C8: stable-diffusion-xl-base-1.0 | D8: 07 | E8: 1024x1024 | F8: 30 | G8: 7 | H8: 11 | I8: 60 | J8: 347.7 | K8: 413.3 | L8: 4.84 | M8: 12.4
A9: Stable-Diffusion-XL | B9: MEDIUM | C9: stable-diffusion-xl-base-1.0 | D9: 08 | E9: 1024x1024 | F9: 30 | G9: 7 | H9: 15 | I9: 79 | J9: 353.5 | K9: 413.3 | L9: 4.84 | M9: 12.399
A10: Stable-Diffusion-XL | B10: MEDIUM | C10: stable-diffusion-xl-base-1.0 | D10: 09 | E10: 1024x1024 | F10: 30 | G10: 7 | H10: 9 | I10: 38 | J10: 346.6 | K10: 414.2 | L10: 4.83 | M10: 12.426
A11: Stable-Diffusion-XL | B11: MEDIUM | C11: stable-diffusion-xl-base-1.0 | D11: 10 | E11: 1024x1024 | F11: 30 | G11: 7 | H11: 9 | I11: 65 | J11: 353.4 | K11: 415.4 | L11: 4.81 | M11: 12.461
A12: FLUX.2-klein | B12: SMALL | C12: FLUX.2-klein-4B | D12: 01 | E12: 1024x1024 | F12: 4 | G12: 1 | H12: 17 | I12: 87 | K12: 984.1 | L12: 15.24 | M12: 3.937
A13: FLUX.2-klein | B13: SMALL | C13: FLUX.2-klein-4B | D13: 02 | E13: 1024x1024 | F13: 4 | G13: 1 | H13: 8 | I13: 38 | K13: 1001.6 | L13: 14.98 | M13: 4.006
A14: FLUX.2-klein | B14: SMALL | C14: FLUX.2-klein-4B | D14: 03 | E14: 1024x1024 | F14: 4 | G14: 1 | H14: 10 | I14: 56 | K14: 1004.7 | L14: 14.93 | M14: 4.019
A15: FLUX.2-klein | B15: SMALL | C15: FLUX.2-klein-4B | D15: 04 | E15: 1024x1024 | F15: 4 | G15: 1 | H15: 15 | I15: 79 | K15: 1017 | L15: 14.75 | M15: 4.068
A16: FLUX.2-klein | B16: SMALL | C16: FLUX.2-klein-4B | D16: 05 | E16: 1024x1024 | F16: 4 | G16: 1 | H16: 6 | I16: 45 | K16: 1034.5 | L16: 14.5 | M16: 4.138
A17: FLUX.2-klein | B17: SMALL | C17: FLUX.2-klein-4B | D17: 06 | E17: 1024x1024 | F17: 4 | G17: 1 | H17: 5 | I17: 22 | K17: 1076.9 | L17: 13.93 | M17: 4.308
A18: FLUX.2-klein | B18: SMALL | C18: FLUX.2-klein-4B | D18: 07 | E18: 1024x1024 | F18: 4 | G18: 1 | H18: 11 | I18: 60 | K18: 1113.2 | L18: 13.47 | M18: 4.453
A19: FLUX.2-klein | B19: SMALL | C19: FLUX.2-klein-4B | D19: 08 | E19: 1024x1024 | F19: 4 | G19: 1 | H19: 15 | I19: 79 | K19: 1137.4 | L19: 13.19 | M19: 4.55
A20: FLUX.2-klein | B20: SMALL | C20: FLUX.2-klein-4B | D20: 09 | E20: 1024x1024 | F20: 4 | G20: 1 | H20: 9 | I20: 38 | K20: 1145.9 | L20: 13.09 | M20: 4.584
A21: FLUX.2-klein | B21: SMALL | C21: FLUX.2-klein-4B | D21: 10 | E21: 1024x1024 | F21: 4 | G21: 1 | H21: 9 | I21: 65 | K21: 1148.8 | L21: 13.06 | M21: 4.595
