Workbook

Sheet Comparison
A1: TTT model metrics: comparison for Falcon3 family Hugging Face framework vs MLX framework
A3: Size | B3: Hugging Face framework | L3: MLX framework
B4: Model | C4: Parameters | D4: Avg Inference Rate (tokens/s) | E4: Avg Inference Time (s) | F4: Avg Time per Output Token (s) | G4: Avg Input Tokens | H4: Avg Output Tokens | I4: Avg Output Words | J4: Avg Time to First Token (ms) | K4: Avg Prompt Processing Rate (tokens/s) | L4: Model | M4: Parameters | N4: Avg Inference Rate (tokens/s) | O4: Avg Inference Time (s) | P4: Avg Time per Output Token (s) | Q4: Avg Input Tokens | R4: Avg Output Tokens | S4: Avg Output Words | T4: Avg Time to First Token (ms) | U4: Avg Prompt Processing Rate (tokens/s)
A5: Small | B5: Phi-3-mini-128k-instruct | C5: 3.82B | D5: 37.23 | E5: 17.23 | F5: =1/D5 | G5: NA | H5: NA | I5: NA | J5: NA | K5: NA | L5: Falcon3-3B-Instruct | M5: 3.23B | N5: =AVERAGE(MLX_per_prompt!K2:K11) | O5: =AVERAGE(MLX_per_prompt!L2:L11) | P5: =1/N5 | Q5: =AVERAGE(MLX_per_prompt!F2:F11) | R5: =AVERAGE(MLX_per_prompt!G2:G11) | S5: =AVERAGE(MLX_per_prompt!H2:H11) | T5: =AVERAGE(MLX_per_prompt!I2:I11) | U5: =AVERAGE(MLX_per_prompt!J2:J11)
A6: Medium | B6: Llama-2-7b-hf | C6: 6.74B | D6: 17.15 | E6: 33.21 | F6: =1/D6 | G6: NA | H6: NA | I6: NA | J6: NA | K6: NA | L6: Falcon3-7B-Instruct | M6: 7.46B | N6: =AVERAGE(MLX_per_prompt!K12:K21) | O6: =AVERAGE(MLX_per_prompt!L12:L21) | P6: =1/N6 | Q6: =AVERAGE(MLX_per_prompt!F12:F21) | R6: =AVERAGE(MLX_per_prompt!G12:G21) | S6: =AVERAGE(MLX_per_prompt!H12:H21) | T6: =AVERAGE(MLX_per_prompt!I12:I21) | U6: =AVERAGE(MLX_per_prompt!J12:J21)
A7: Large | B7: falcon-11b | C7: 11.1B | D7: 10.52 | E7: 51.21 | F7: =1/D7 | G7: NA | H7: NA | I7: NA | J7: NA | K7: NA | L7: Falcon3-10B-Instruct | M7: 10.31B | N7: =AVERAGE(MLX_per_prompt!K22:K31) | O7: =AVERAGE(MLX_per_prompt!L22:L31) | P7: =1/N7 | Q7: =AVERAGE(MLX_per_prompt!F22:F31) | R7: =AVERAGE(MLX_per_prompt!G22:G31) | S7: =AVERAGE(MLX_per_prompt!H22:H31) | T7: =AVERAGE(MLX_per_prompt!I22:I31) | U7: =AVERAGE(MLX_per_prompt!J22:J31)
A9: MLX vs Hugging Face
A10: Size | B10: Inference rate: MLX ÷ HF (x faster) | C10: Inference time: HF ÷ MLX (x shorter) | D10: Models compared (HF vs MLX)
A11: Small | B11: =N5/D5 | C11: =E5/O5 | D11: =B5&" vs "&L5
A12: Medium | B12: =N6/D6 | C12: =E6/O6 | D12: =B6&" vs "&L6
A13: Large | B13: =N7/D7 | C13: =E7/O7 | D13: =B7&" vs "&L7
A15: Comparison insights
A16: 1. MLX generates text much faster at every size: 247.7 vs 37.23 tokens/s for Small (6.7x), 115.3 vs 17.15 for Medium (6.7x) and 81.9 vs 10.52 for Large (7.8x).
A17: 2. Average time per prompt is far lower on MLX: 2.88 s vs 17.23 s (Small), 6.05 s vs 33.21 s (Medium), 7.77 s vs 51.21 s (Large), i.e. 6.0x / 5.5x / 6.6x shorter.
A18: 3. Both frameworks slow down as models grow. From Small to Large, the inference rate drops 3.5x on Hugging Face and 3.0x on MLX, roughly in line with the growth in parameter count.
A19: 4. MLX reports more metrics: input and output tokens, output words, time to first token (75 / 105 / 134 ms) and prompt processing rate. These are NA for Hugging Face because they weren't provided.
A20: 5. MLX answers average 688 / 684 / 623 output tokens, so the MLX inference time includes ~500-word answers. Hugging Face output lengths aren't known, so its inference times can't be compared on equal output length; the inference rate (tokens/s) is the fairer comparison.
A21: 6. Caveat: the two frameworks ran different models. Hugging Face used Phi-3-mini-128k-instruct (3.82B), Llama-2-7b-hf (6.74B) and falcon-11b (11.1B); MLX used Falcon3-3B, 7B and 10B. The sizes are close but not identical, so part of the speed gap comes from the models themselves. A like-for-like test would run the same model on both frameworks.
A27: TTT model metrics: comparison for Llama-2 family Hugging Face framework vs MLX framework
A29: Size | B29: Hugging Face framework | L29: MLX framework
B30: Model | C30: Parameters | D30: Avg Inference Rate (tokens/s) | E30: Avg Inference Time (s) | F30: Avg Time per Output Token (s) | G30: Avg Input Tokens | H30: Avg Output Tokens | I30: Avg Output Words | J30: Avg Time to First Token (ms) | K30: Avg Prompt Processing Rate (tokens/s) | L30: Model | M30: Parameters | N30: Avg Inference Rate (tokens/s) | O30: Avg Inference Time (s) | P30: Avg Time per Output Token (s) | Q30: Avg Input Tokens | R30: Avg Output Tokens | S30: Avg Output Words | T30: Avg Time to First Token (ms) | U30: Avg Prompt Processing Rate (tokens/s)
A31: Small | B31: Phi-3-mini-128k-instruct | C31: 3.82B | D31: 37.23 | E31: 17.23 | F31: =1/D31 | G31: NA | H31: NA | I31: NA | J31: NA | K31: NA | L31: Llama-2-7b-hf | M31: 6.74B | N31: =AVERAGE(MLX_per_prompt!K32:K41) | O31: =AVERAGE(MLX_per_prompt!L32:L41) | P31: =1/N31 | Q31: =AVERAGE(MLX_per_prompt!F32:F41) | R31: =AVERAGE(MLX_per_prompt!G32:G41) | S31: =AVERAGE(MLX_per_prompt!H32:H41) | T31: =AVERAGE(MLX_per_prompt!I32:I41) | U31: =AVERAGE(MLX_per_prompt!J32:J41)
A32: Medium | B32: Llama-2-7b-hf | C32: 6.74B | D32: 17.15 | E32: 33.21 | F32: =1/D32 | G32: NA | H32: NA | I32: NA | J32: NA | K32: NA | L32: Llama-2-13b-hf | M32: 13.0B | N32: NA | O32: NA | P32: NA | Q32: NA | R32: NA | S32: NA | T32: NA | U32: NA
A33: Large | B33: falcon-11b | C33: 11.1B | D33: 10.52 | E33: 51.21 | F33: =1/D33 | G33: NA | H33: NA | I33: NA | J33: NA | K33: NA | L33: Llama-2-70b-hf | M33: 69.0B | N33: NA | O33: NA | P33: NA | Q33: NA | R33: NA | S33: NA | T33: NA | U33: NA
A35: MLX vs Hugging Face
A36: Size | B36: Inference rate: MLX ÷ HF (x faster) | C36: Inference time: HF ÷ MLX (x shorter) | D36: Models compared (HF vs MLX)
A37: Small | B37: =N31/D31 | C37: =E31/O31 | D37: =B31&" vs "&L31
A38: Medium | B38: NA | C38: NA | D38: =B32&" vs "&L32
A39: Large | B39: NA | C39: NA | D39: =B33&" vs "&L33
A40: Same model | B40: =N31/D32 | C40: =E32/O31 | D40: =B32&" vs "&L31
A42: Comparison insights
A43: 1. Same model, both frameworks: Llama-2-7b-hf runs at 121.0 tokens/s on MLX vs 17.15 tokens/s on Hugging Face, 7.1x faster. This is one of only two like-for-like comparisons in the file (the other is Phi-3-mini in the Phi-3 section); see the 'Same model' row in the table above.
A44: 2. Average time per prompt for that model is 4.07 s on MLX vs 33.21 s on Hugging Face (8.2x shorter).
A45: 3. Against the Hugging Face Small model (Phi-3-mini-128k-instruct, 3.82B), the larger Llama-2-7b-hf on MLX is still 3.3x faster (121.0 vs 37.23 tokens/s).
A46: 4. Llama-2-7b-hf is a base (not chat) model, so answer length varies widely: prompts 04, 06, 07 hit the 1024-token limit with repeated text, while prompts 10, 03, 05 stopped after only 76, 127, 138 tokens. The average time (4.07 s) depends heavily on these, so the inference rate (tokens/s) is the better measure.
A47: 5. MLX extra metrics for Llama-2-7b-hf: 62.5 input tokens on average (the base-model prompt wrapper adds tokens), 84 ms time to first token and 875 tokens/s prompt processing rate. These are NA for Hugging Face.
A48: 6. Medium and Large are NA on MLX: Llama-2-13b-hf hasn't been run yet, and Llama-2-70b-hf (~39 GB) doesn't fit in this Mac's 40.2 GB GPU memory budget. Note also that the Hugging Face results label Llama-2-7b-hf as Medium, while in the Llama-2 family it is the Small model (7B / 13B / 70B).
A54: TTT model metrics: comparison for Llama-3 family Hugging Face framework vs MLX framework
A56: Size | B56: Hugging Face framework | L56: MLX framework
B57: Model | C57: Parameters | D57: Avg Inference Rate (tokens/s) | E57: Avg Inference Time (s) | F57: Avg Time per Output Token (s) | G57: Avg Input Tokens | H57: Avg Output Tokens | I57: Avg Output Words | J57: Avg Time to First Token (ms) | K57: Avg Prompt Processing Rate (tokens/s) | L57: Model | M57: Parameters | N57: Avg Inference Rate (tokens/s) | O57: Avg Inference Time (s) | P57: Avg Time per Output Token (s) | Q57: Avg Input Tokens | R57: Avg Output Tokens | S57: Avg Output Words | T57: Avg Time to First Token (ms) | U57: Avg Prompt Processing Rate (tokens/s)
A58: Small (1B) | B58: Phi-3-mini-128k-instruct | C58: 3.82B | D58: 37.23 | E58: 17.23 | F58: =1/D58 | G58: NA | H58: NA | I58: NA | J58: NA | K58: NA | L58: Llama-3.2-1B-Instruct | M58: 1.24B | N58: =AVERAGE(MLX_per_prompt!K42:K51) | O58: =AVERAGE(MLX_per_prompt!L42:L51) | P58: =1/N58 | Q58: =AVERAGE(MLX_per_prompt!F42:F51) | R58: =AVERAGE(MLX_per_prompt!G42:G51) | S58: =AVERAGE(MLX_per_prompt!H42:H51) | T58: =AVERAGE(MLX_per_prompt!I42:I51) | U58: =AVERAGE(MLX_per_prompt!J42:J51)
A59: Small (3B) | B59: Phi-3-mini-128k-instruct | C59: 3.82B | D59: 37.23 | E59: 17.23 | F59: =1/D59 | G59: NA | H59: NA | I59: NA | J59: NA | K59: NA | L59: Llama-3.2-3B-Instruct | M59: 3.21B | N59: =AVERAGE(MLX_per_prompt!K52:K61) | O59: =AVERAGE(MLX_per_prompt!L52:L61) | P59: =1/N59 | Q59: =AVERAGE(MLX_per_prompt!F52:F61) | R59: =AVERAGE(MLX_per_prompt!G52:G61) | S59: =AVERAGE(MLX_per_prompt!H52:H61) | T59: =AVERAGE(MLX_per_prompt!I52:I61) | U59: =AVERAGE(MLX_per_prompt!J52:J61)
A60: Medium | B60: Llama-2-7b-hf | C60: 6.74B | D60: 17.15 | E60: 33.21 | F60: =1/D60 | G60: NA | H60: NA | I60: NA | J60: NA | K60: NA | L60: Llama-3.1-8B-Instruct | M60: 8.03B | N60: =AVERAGE(MLX_per_prompt!K62:K71) | O60: =AVERAGE(MLX_per_prompt!L62:L71) | P60: =1/N60 | Q60: =AVERAGE(MLX_per_prompt!F62:F71) | R60: =AVERAGE(MLX_per_prompt!G62:G71) | S60: =AVERAGE(MLX_per_prompt!H62:H71) | T60: =AVERAGE(MLX_per_prompt!I62:I71) | U60: =AVERAGE(MLX_per_prompt!J62:J71)
A61: Large | B61: falcon-11b | C61: 11.1B | D61: 10.52 | E61: 51.21 | F61: =1/D61 | G61: NA | H61: NA | I61: NA | J61: NA | K61: NA | L61: Llama-3.3-70B-Instruct | M61: 70.6B | N61: NA | O61: NA | P61: NA | Q61: NA | R61: NA | S61: NA | T61: NA | U61: NA
A63: MLX vs Hugging Face
A64: Size | B64: Inference rate: MLX ÷ HF (x faster) | C64: Inference time: HF ÷ MLX (x shorter) | D64: Models compared (HF vs MLX)
A65: Small (1B) | B65: =N58/D58 | C65: =E58/O58 | D65: =B58&" vs "&L58
A66: Small (3B) | B66: =N59/D59 | C66: =E59/O59 | D66: =B59&" vs "&L59
A67: Medium | B67: =N60/D60 | C67: =E60/O60 | D67: =B60&" vs "&L60
A68: Large | B68: NA | C68: NA | D68: =B61&" vs "&L61
A70: Comparison insights
A71: 1. MLX is faster at every size that ran: Llama-3.2-1B 542.4 and Llama-3.2-3B 220.8 tokens/s vs 37.23 for Phi-3-mini on Hugging Face (14.6x and 5.9x); Llama-3.1-8B 109.8 vs 17.15 tokens/s for Llama-2-7b-hf (6.4x).
A72: 2. Average time per prompt on MLX is 1.45 s (1B), 3.14 s (3B) and 5.99 s (8B), against 17.23 s (Small) and 33.21 s (Medium) on Hugging Face, i.e. 11.9x, 5.5x and 5.5x shorter.
A73: 3. Within the Llama-3 family on MLX, speed falls as size grows: 1B is 2.5x faster than 3B and 4.9x faster than 8B, while answer lengths stay similar (745 / 672 / 642 output tokens).
A74: 4. Speed isn't the only difference: the smaller models repeat themselves on some prompts. Llama-3.2-1B hit the 1024-token limit on prompt 02 and Llama-3.2-3B on prompt 03, both by repeating paragraphs; Llama-3.1-8B finished every answer within the limit.
A75: 5. MLX extra metrics: time to first token 62 / 79 / 123 ms and prompt processing rate 2589 / 1628 / 737 tokens/s (1B / 3B / 8B), with 60.6 input tokens on average. These are NA for Hugging Face.
A76: 6. Large is NA on MLX because Llama-3.3-70B-Instruct (~39.7 GB) doesn't fit in this Mac's 40.2 GB GPU memory budget. The Hugging Face models are from other families (Phi-3, Llama-2, Falcon), so this isn't like-for-like; the closest pair is Llama-3.1-8B vs Llama-2-7b-hf, an older model of similar size.
A82: TTT model metrics: comparison for Phi-3 family Hugging Face framework vs MLX framework
A84: Size | B84: Hugging Face framework | L84: MLX framework
B85: Model | C85: Parameters | D85: Avg Inference Rate (tokens/s) | E85: Avg Inference Time (s) | F85: Avg Time per Output Token (s) | G85: Avg Input Tokens | H85: Avg Output Tokens | I85: Avg Output Words | J85: Avg Time to First Token (ms) | K85: Avg Prompt Processing Rate (tokens/s) | L85: Model | M85: Parameters | N85: Avg Inference Rate (tokens/s) | O85: Avg Inference Time (s) | P85: Avg Time per Output Token (s) | Q85: Avg Input Tokens | R85: Avg Output Tokens | S85: Avg Output Words | T85: Avg Time to First Token (ms) | U85: Avg Prompt Processing Rate (tokens/s)
A86: Small | B86: Phi-3-mini-128k-instruct | C86: 3.82B | D86: 37.23 | E86: 17.23 | F86: =1/D86 | G86: NA | H86: NA | I86: NA | J86: NA | K86: NA | L86: Phi-3-mini-128k-instruct | M86: 3.82B | N86: =AVERAGE(MLX_per_prompt!K72:K81) | O86: =AVERAGE(MLX_per_prompt!L72:L81) | P86: =1/N86 | Q86: =AVERAGE(MLX_per_prompt!F72:F81) | R86: =AVERAGE(MLX_per_prompt!G72:G81) | S86: =AVERAGE(MLX_per_prompt!H72:H81) | T86: =AVERAGE(MLX_per_prompt!I72:I81) | U86: =AVERAGE(MLX_per_prompt!J72:J81)
A87: Medium | B87: Llama-2-7b-hf | C87: 6.74B | D87: 17.15 | E87: 33.21 | F87: =1/D87 | G87: NA | H87: NA | I87: NA | J87: NA | K87: NA | L87: Phi-3-small-128k-instruct | M87: 7.39B | N87: =AVERAGE(MLX_per_prompt!K82:K91) | O87: =AVERAGE(MLX_per_prompt!L82:L91) | P87: =1/N87 | Q87: =AVERAGE(MLX_per_prompt!F82:F91) | R87: =AVERAGE(MLX_per_prompt!G82:G91) | S87: =AVERAGE(MLX_per_prompt!H82:H91) | T87: =AVERAGE(MLX_per_prompt!I82:I91) | U87: =AVERAGE(MLX_per_prompt!J82:J91)
A88: Large | B88: falcon-11b | C88: 11.1B | D88: 10.52 | E88: 51.21 | F88: =1/D88 | G88: NA | H88: NA | I88: NA | J88: NA | K88: NA | L88: Phi-3-medium-128k-instruct | M88: 13.96B | N88: =AVERAGE(MLX_per_prompt!K92:K101) | O88: =AVERAGE(MLX_per_prompt!L92:L101) | P88: =1/N88 | Q88: =AVERAGE(MLX_per_prompt!F92:F101) | R88: =AVERAGE(MLX_per_prompt!G92:G101) | S88: =AVERAGE(MLX_per_prompt!H92:H101) | T88: =AVERAGE(MLX_per_prompt!I92:I101) | U88: =AVERAGE(MLX_per_prompt!J92:J101)
A90: MLX vs Hugging Face
A91: Size | B91: Inference rate: MLX ÷ HF (x faster) | C91: Inference time: HF ÷ MLX (x shorter) | D91: Models compared (HF vs MLX)
A92: Small | B92: =N86/D86 | C92: =E86/O86 | D92: =B86&" vs "&L86
A93: Medium | B93: =N87/D87 | C93: =E87/O87 | D93: =B87&" vs "&L87
A94: Large | B94: =N88/D88 | C94: =E88/O88 | D94: =B88&" vs "&L88
A96: Comparison insights
A97: 1. Same model, both frameworks: the Small row compares Phi-3-mini-128k-instruct with itself. It runs at 180.6 tokens/s on MLX vs 37.23 on Hugging Face, 4.8x faster, and each prompt takes 5.62 s vs 17.23 s (3.1x shorter).
A98: 2. Medium: Phi-3-small (7.39B) on MLX runs at 102.9 tokens/s vs 17.15 for Llama-2-7b-hf on Hugging Face (6.0x), in 4.27 s vs 33.21 s per prompt (7.8x shorter).
A99: 3. Large: Phi-3-medium (13.96B) on MLX runs at 61.8 tokens/s vs 10.52 for falcon-11b on Hugging Face (5.9x), even though it is the bigger model; time per prompt is 15.90 s vs 51.21 s (3.2x shorter).
A100: 4. Answer length varies a lot across the family: Phi-3-mini hit the 1024-token limit on 9 of 10 prompts and Phi-3-medium on 6, while Phi-3-small never did and wrote the shortest answers (1003 / 431 / 974 output tokens on average). This is why Phi-3-small's average time is lower than Phi-3-mini's despite being slower per token; the inference rate is the fairer measure.
A101: 5. MLX extra metrics: time to first token 58 / 71 / 119 ms and prompt processing rate 748 / 476 / 319 tokens/s (Small / Medium / Large), with only 32.6-35.1 input tokens on average because Phi-3's chat template is compact. These are NA for Hugging Face.
A102: 6. Both frameworks slow down with size: from Small to Large the rate drops 2.9x on MLX (3.82B to 13.96B) and 3.5x on Hugging Face (3.82B to 11.1B). Every Phi-3 size fits in this Mac's memory, so Phi-3 and Falcon3 are the two families with all three sizes measured on MLX.
A108: TTT model metrics: comparison for Qwen2.5 family Hugging Face framework vs MLX framework
A110: Size | B110: Hugging Face framework | L110: MLX framework
B111: Model | C111: Parameters | D111: Avg Inference Rate (tokens/s) | E111: Avg Inference Time (s) | F111: Avg Time per Output Token (s) | G111: Avg Input Tokens | H111: Avg Output Tokens | I111: Avg Output Words | J111: Avg Time to First Token (ms) | K111: Avg Prompt Processing Rate (tokens/s) | L111: Model | M111: Parameters | N111: Avg Inference Rate (tokens/s) | O111: Avg Inference Time (s) | P111: Avg Time per Output Token (s) | Q111: Avg Input Tokens | R111: Avg Output Tokens | S111: Avg Output Words | T111: Avg Time to First Token (ms) | U111: Avg Prompt Processing Rate (tokens/s)
A112: Small | B112: Phi-3-mini-128k-instruct | C112: 3.82B | D112: 37.23 | E112: 17.23 | F112: =1/D112 | G112: NA | H112: NA | I112: NA | J112: NA | K112: NA | L112: Qwen2.5-3B-Instruct | M112: 3.09B | N112: =AVERAGE(MLX_per_prompt!K102:K111) | O112: =AVERAGE(MLX_per_prompt!L102:L111) | P112: =1/N112 | Q112: =AVERAGE(MLX_per_prompt!F102:F111) | R112: =AVERAGE(MLX_per_prompt!G102:G111) | S112: =AVERAGE(MLX_per_prompt!H102:H111) | T112: =AVERAGE(MLX_per_prompt!I102:I111) | U112: =AVERAGE(MLX_per_prompt!J102:J111)
A113: Medium (7B) | B113: Llama-2-7b-hf | C113: 6.74B | D113: 17.15 | E113: 33.21 | F113: =1/D113 | G113: NA | H113: NA | I113: NA | J113: NA | K113: NA | L113: Qwen2.5-7B-Instruct | M113: 7.62B | N113: =AVERAGE(MLX_per_prompt!K112:K121) | O113: =AVERAGE(MLX_per_prompt!L112:L121) | P113: =1/N113 | Q113: =AVERAGE(MLX_per_prompt!F112:F121) | R113: =AVERAGE(MLX_per_prompt!G112:G121) | S113: =AVERAGE(MLX_per_prompt!H112:H121) | T113: =AVERAGE(MLX_per_prompt!I112:I121) | U113: =AVERAGE(MLX_per_prompt!J112:J121)
A114: Medium (14B) | B114: Llama-2-7b-hf | C114: 6.74B | D114: 17.15 | E114: 33.21 | F114: =1/D114 | G114: NA | H114: NA | I114: NA | J114: NA | K114: NA | L114: Qwen2.5-14B-Instruct | M114: 14.77B | N114: =AVERAGE(MLX_per_prompt!K122:K131) | O114: =AVERAGE(MLX_per_prompt!L122:L131) | P114: =1/N114 | Q114: =AVERAGE(MLX_per_prompt!F122:F131) | R114: =AVERAGE(MLX_per_prompt!G122:G131) | S114: =AVERAGE(MLX_per_prompt!H122:H131) | T114: =AVERAGE(MLX_per_prompt!I122:I131) | U114: =AVERAGE(MLX_per_prompt!J122:J131)
A115: Large (32B) | B115: falcon-11b | C115: 11.1B | D115: 10.52 | E115: 51.21 | F115: =1/D115 | G115: NA | H115: NA | I115: NA | J115: NA | K115: NA | L115: Qwen2.5-32B-Instruct | M115: 32.76B | N115: NA | O115: NA | P115: NA | Q115: NA | R115: NA | S115: NA | T115: NA | U115: NA
A116: Large (72B) | B116: falcon-11b | C116: 11.1B | D116: 10.52 | E116: 51.21 | F116: =1/D116 | G116: NA | H116: NA | I116: NA | J116: NA | K116: NA | L116: Qwen2.5-72B-Instruct | M116: 72.71B | N116: NA | O116: NA | P116: NA | Q116: NA | R116: NA | S116: NA | T116: NA | U116: NA
A118: MLX vs Hugging Face
A119: Size | B119: Inference rate: MLX ÷ HF (x faster) | C119: Inference time: HF ÷ MLX (x shorter) | D119: Models compared (HF vs MLX)
A120: Small | B120: =N112/D112 | C120: =E112/O112 | D120: =B112&" vs "&L112
A121: Medium (7B) | B121: =N113/D113 | C121: =E113/O113 | D121: =B113&" vs "&L113
A122: Medium (14B) | B122: =N114/D114 | C122: =E114/O114 | D122: =B114&" vs "&L114
A123: Large (32B) | B123: NA | C123: NA | D123: =B115&" vs "&L115
A124: Large (72B) | B124: NA | C124: NA | D124: =B116&" vs "&L116
A126: Comparison insights
A127: 1. Small: Qwen2.5-3B on MLX runs at 216.2 tokens/s vs 37.23 for Phi-3-mini on Hugging Face (5.8x faster), and each prompt takes 3.53 s vs 17.23 s (4.9x shorter).
A128: 2. Medium: both Qwen2.5 Medium models beat Llama-2-7b-hf on Hugging Face (17.15 tokens/s, 33.21 s): Qwen2.5-7B runs at 121.5 tokens/s (7.1x, 6.15 s per prompt), and even Qwen2.5-14B, twice the size, runs at 61.0 tokens/s (3.6x, 11.50 s).
A129: 3. On MLX the speed scales cleanly with size: roughly halving each time the parameters double, from 216 (3B) to 122 (7B) to 61 tokens/s (14B), while answer lengths stay similar (737 / 729 / 691 output tokens). That makes Qwen2.5 the clearest size-vs-speed example in this file.
A130: 4. Answers are consistent: Qwen2.5-3B and 7B hit the 1024-token limit only on prompt 07 (History of USA), and Qwen2.5-14B never did. Because lengths are similar across sizes, the average times here compare fairly within the family.
A131: 5. MLX extra metrics: time to first token 97 / 122 / 158 ms and prompt processing rate 1208 / 804 / 524 tokens/s (3B / 7B / 14B), with 57.1 input tokens on average. These are NA for Hugging Face.
A132: 6. Large is NA on MLX: Qwen2.5-32B (~18.4 GB) fits on this Mac but hasn't been run yet, and Qwen2.5-72B (~40.9 GB) is too large for the 40.2 GB GPU memory budget. The smaller Qwen2.5-0.5B and 1.5B models haven't been run either. The Hugging Face models come from other families, so this isn't a like-for-like comparison.

Sheet MLX_per_prompt
A1: family | B1: size | C1: parameters | D1: model | E1: prompt_id | F1: input_tokens | G1: output_tokens | H1: output_words | I1: time_to_first_token (ms) | J1: prompt_processing_rate (tokens/s) | K1: inference_rate (tokens/s) | L1: inference_time (s)
A2: Falcon3 | B2: SMALL | C2: 3B | D2: Falcon3-3B-Instruct | E2: 01 | F2: 36 | G2: 333 | H2: 254 | I2: 80.6 | J2: 813.7 | K2: 262.93 | L2: 1.353
A3: Falcon3 | B3: SMALL | C3: 3B | D3: Falcon3-3B-Instruct | E3: 02 | F3: 43 | G3: 751 | H3: 528 | I3: 75.8 | J3: 1206.5 | K3: 254.18 | L3: 3.037
A4: Falcon3 | B4: SMALL | C4: 3B | D4: Falcon3-3B-Instruct | E4: 03 | F4: 38 | G4: 606 | H4: 470 | I4: 78.2 | J4: 1043.7 | K4: 258.57 | L4: 2.428
A5: Falcon3 | B5: SMALL | C5: 3B | D5: Falcon3-3B-Instruct | E5: 04 | F5: 39 | G5: 722 | H5: 525 | I5: 72.7 | J5: 1094.1 | K5: 244.83 | L5: 3.029
A6: Falcon3 | B6: SMALL | C6: 3B | D6: Falcon3-3B-Instruct | E6: 05 | F6: 70 | G6: 607 | H6: 468 | I6: 74 | J6: 1860.1 | K6: 243.35 | L6: 2.575
A7: Falcon3 | B7: SMALL | C7: 3B | D7: Falcon3-3B-Instruct | E7: 06 | F7: 24 | G7: 705 | H7: 525 | I7: 71.4 | J7: 823.4 | K7: 244.53 | L7: 2.962
A8: Falcon3 | B8: SMALL | C8: 3B | D8: Falcon3-3B-Instruct | E8: 07 | F8: 24 | G8: 1024 | H8: 668 | I8: 80.3 | J8: 641.9 | K8: 238.18 | L8: 4.387
A9: Falcon3 | B9: SMALL | C9: 3B | D9: Falcon3-3B-Instruct | E9: 08 | F9: 48 | G9: 607 | H9: 435 | I9: 74.7 | J9: 1290.8 | K9: 245.7 | L9: 2.552
A10: Falcon3 | B10: SMALL | C10: 3B | D10: Falcon3-3B-Instruct | E10: 09 | F10: 33 | G10: 887 | H10: 606 | I10: 65.1 | J10: 1151.4 | K10: 238.9 | L10: 3.785
A11: Falcon3 | B11: SMALL | C11: 3B | D11: Falcon3-3B-Instruct | E11: 10 | F11: 36 | G11: 635 | H11: 483 | I11: 78.1 | J11: 994.9 | K11: 246.28 | L11: 2.664
A12: Falcon3 | B12: MEDIUM | C12: 7B | D12: Falcon3-7B-Instruct | E12: 01 | F12: 36 | G12: 500 | H12: 424 | I12: 109.6 | J12: 504.6 | K12: 117.14 | L12: 4.386
A13: Falcon3 | B13: MEDIUM | C13: 7B | D13: Falcon3-7B-Instruct | E13: 02 | F13: 43 | G13: 577 | H13: 436 | I13: 120.3 | J13: 536.7 | K13: 114.89 | L13: 5.15
... A131: Qwen2.5 | B131: MEDIUM | C131: 14B | D131: Qwen2.5-14B-Instruct | E131: 10 | F131: 55 | G131: 914 | H131: 684 | I131: 156.6 | J131: 506.9 | K131: 60.54 | L131: 15.262
